"Aberdeen SD",OO,62
"Abilene TX",MQ,423
"Adak Island AK",AS,18
"Aguadilla PR",B6,186
"Aguadilla PR",CO,31
"Aguadilla PR",NK,17
"Aguadilla PR",UA,31
"Akron OH",DL,116
"Akron OH",EV,298
"Akron OH",F9,62
"Akron OH",FL,341
"Akron OH",OH,300
"Akron OH",OO,31
"Akron OH",WN,310
"Albany GA",EV,192
"Albany NY",AA,62
"Albany NY",DH,197
"Albany NY",DL,306
"Albany NY",EV,73
"Albany NY",MQ,124
"Albany NY",NW,124
"Albany NY",OH,93
"Albany NY",OO,92
"Albany NY",UA,150
"Albany NY",US,232
"Albany NY",WN,759
"Albany NY",XE,219
"Albuquerque NM",AA,587
"Albuquerque NM",AS,31
"Albuquerque NM",B6,31
"Albuquerque NM",CO,141
"Albuquerque NM",DL,375
"Albuquerque NM",EV,41
"Albuquerque NM",HP,179
"Albuquerque NM",MQ,52
"Albuquerque NM",NW,62
"Albuquerque NM",OO,815
"Albuquerque NM",UA,175
"Albuquerque NM",WN,2772
"Albuquerque NM",XE,65
"Alexandria LA",EV,284
"Alexandria LA",MQ,65
"Alexandria LA",XE,110
"Allentown/Bethlehem/Easton PA",DL,31
"Allentown/Bethlehem/Easton PA",EV,376
"Allentown/Bethlehem/Easton PA",NW,29
"Allentown/Bethlehem/Easton PA",OH,31
"Allentown/Bethlehem/Easton PA",US,34
"Allentown/Bethlehem/Easton PA",XE,92
"Alpena MI",OO,54
"Amarillo TX",EV,147
"Amarillo TX",MQ,372
"Amarillo TX",OO,59
"Amarillo TX",WN,444
"Amarillo TX",XE,142
"Anchorage AK",AA,155
"Anchorage AK",AS,2971
"Anchorage AK",B6,124
"Anchorage AK",CO,111
"Anchorage AK",DL,458
"Anchorage AK",F9,62
"Anchorage AK",HP,62
"Anchorage AK",NW,200
"Anchorage AK",UA,349
"Appleton WI",DL,59
"Appleton WI",EV,216
"Appleton WI",OH,88
"Appleton WI",OO,122
"Arcata/Eureka CA",OO,468
"Asheville NC",DL,63
"Asheville NC",EV,480
"Asheville NC",OO,96
"Asheville NC",XE,97
"Ashland WV",EV,76
"Ashland WV",OH,48
"Aspen CO",MQ,66
"Aspen CO",OO,195
"Atlanta GA",AA,1791
"Atlanta GA",AS,31
"Atlanta GA",CO,403
"Atlanta GA",DH,180
"Atlanta GA",DL,40632
"Atlanta GA",EV,15129
"Atlanta GA",F9,620
"Atlanta GA",FL,6126
"Atlanta GA",HP,155
"Atlanta GA",MQ,318
"Atlanta GA",NK,434
"Atlanta GA",NW,448
"Atlanta GA",OH,584
"Atlanta GA",OO,426
"Atlanta GA",UA,524
"Atlanta GA",US,199
"Atlanta GA",WN,3713
"Atlanta GA",XE,242
"Atlantic City NJ",NK,341
"Atlantic City NJ",OH,93
"Augusta GA",DL,63
"Augusta GA",EV,393
"Austin TX",AA,1738
"Austin TX",AS,53
"Austin TX",B6,217
"Austin TX",CO,335
"Austin TX",DL,596
"Austin TX",EV,185
"Austin TX",F9,215
"Austin TX",HP,57
"Austin TX",MQ,62
"Austin TX",NW,93
"Austin TX",OH,62
"Austin TX",OO,460
"Austin TX",UA,524
"Austin TX",VX,199
"Austin TX",WN,3038
"Austin TX",XE,87
"Bakersfield CA",OO,590
"Bakersfield CA",XE,62
"Baltimore MD",AA,1167
"Baltimore MD",AS,31
"Baltimore MD",B6,169
"Baltimore MD",CO,234
"Baltimore MD",DL,1134
"Baltimore MD",EV,76
"Baltimore MD",F9,62
"Baltimore MD",FL,1101
"Baltimore MD",HP,154
"Baltimore MD",MQ,253
"Baltimore MD",NK,332
"Baltimore MD",NW,364
"Baltimore MD",OH,155
"Baltimore MD",UA,766
"Baltimore MD",US,433
"Baltimore MD",WN,11337
"Baltimore MD",XE,178
"Bangor ME",DL,57
"Bangor ME",EV,9
"Bangor ME",MQ,196
"Bangor ME",OH,248
"Bangor ME",XE,91
"Barrow AK",AS,141
"Baton Rouge LA",CO,22
"Baton Rouge LA",DL,116
"Baton Rouge LA",EV,791
"Baton Rouge LA",MQ,333
"Baton Rouge LA",NW,60
"Baton Rouge LA",XE,226
"Beaumont/Port Arthur TX",EV,31
"Beaumont/Port Arthur TX",MQ,60
"Beaumont/Port Arthur TX",XE,32
"Bemidji MN",OO,62
"Bend/Redmond OR",OO,545
"Bethel AK",AS,181
"Billings MT",DL,125
"Billings MT",EV,25
"Billings MT",NW,124
"Billings MT",OO,454
"Billings MT",UA,122
"Binghamton NY",EV,61
"Binghamton NY",OH,93
"Birmingham AL",AA,93
"Birmingham AL",CO,25
"Birmingham AL",DL,620
"Birmingham AL",EV,325
"Birmingham AL",MQ,84
"Birmingham AL",NW,113
"Birmingham AL",OH,279
"Birmingham AL",OO,174
"Birmingham AL",US,62
"Birmingham AL",WN,1120
"Birmingham AL",XE,207
"Bismarck/Mandan ND",DL,30
"Bismarck/Mandan ND",F9,13
"Bismarck/Mandan ND",MQ,62
"Bismarck/Mandan ND",NW,122
"Bismarck/Mandan ND",OO,346
"Bloomington/Normal IL",EV,106
"Bloomington/Normal IL",FL,111
"Bloomington/Normal IL",MQ,244
"Boise ID",AA,91
"Boise ID",AS,93
"Boise ID",DL,234
"Boise ID",HP,55
"Boise ID",NW,93
"Boise ID",OO,1100
"Boise ID",UA,174
"Boise ID",WN,826
"Boise ID",XE,61
"Boston MA",AA,3857
"Boston MA",AS,217
"Boston MA",B6,4298
"Boston MA",CO,588
"Boston MA",DH,247
"Boston MA",DL,2770
"Boston MA",EV,230
"Boston MA",FL,651
"Boston MA",HP,210
"Boston MA",MQ,1504
"Boston MA",NK,248
"Boston MA",NW,446
"Boston MA",OH,1198
"Boston MA",OO,23
"Boston MA",TZ,136
"Boston MA",UA,2027
"Boston MA",US,1745
"Boston MA",VX,200
"Boston MA",WN,1118
"Boston MA",XE,29
"Bozeman MT",DL,200
"Bozeman MT",F9,17
"Bozeman MT",NW,98
"Bozeman MT",OO,594
"Bozeman MT",UA,134
"Brainerd MN",OO,62
"Bristol/Johnson City/Kingsport TN",DL,31
"Bristol/Johnson City/Kingsport TN",EV,349
"Bristol/Johnson City/Kingsport TN",OH,140
"Brownsville TX",EV,236
"Brownsville TX",XE,161
"Brunswick GA",EV,167
"Buffalo NY",AA,116
"Buffalo NY",B6,624
"Buffalo NY",CO,21
"Buffalo NY",DH,155
"Buffalo NY",DL,325
"Buffalo NY",EV,203
"Buffalo NY",FL,123
"Buffalo NY",MQ,336
"Buffalo NY",NW,243
"Buffalo NY",OH,155
"Buffalo NY",UA,198
"Buffalo NY",US,298
"Buffalo NY",WN,970
"Buffalo NY",XE,272
"Burbank CA",AA,124
"Burbank CA",AS,217
"Burbank CA",B6,139
"Burbank CA",DL,31
"Burbank CA",HP,123
"Burbank CA",OO,785
"Burbank CA",UA,87
"Burbank CA",WN,2830
"Burlington VT",B6,186
"Burlington VT",DH,186
"Burlington VT",DL,31
"Burlington VT",EV,180
"Burlington VT",NW,31
"Burlington VT",OH,186
"Burlington VT",OO,30
"Burlington VT",UA,30
"Burlington VT",US,118
"Burlington VT",XE,175
"Butte MT",OO,179
"Carlsbad CA",OO,182
"Casper WY",OO,540
"Cedar City UT",OO,147
"Cedar Rapids/Iowa City IA",EV,225
"Cedar Rapids/Iowa City IA",F9,13
"Cedar Rapids/Iowa City IA",MQ,630
"Cedar Rapids/Iowa City IA",NW,26
"Cedar Rapids/Iowa City IA",OH,119
"Cedar Rapids/Iowa City IA",OO,386
"Champaign/Urbana IL",MQ,417
"Champaign/Urbana IL",OH,93
"Charleston SC",B6,177
"Charleston SC",CO,5
"Charleston SC",DH,186
"Charleston SC",DL,589
"Charleston SC",EV,351
"Charleston SC",OH,401
"Charleston SC",OO,88
"Charleston SC",US,249
"Charleston SC",WN,246
"Charleston SC",XE,178
"Charleston/Dunbar WV",DH,93
"Charleston/Dunbar WV",DL,31
"Charleston/Dunbar WV",EV,337
"Charleston/Dunbar WV",NK,10
"Charleston/Dunbar WV",OH,118
"Charleston/Dunbar WV",XE,31
"Charlotte Amalie VI",AA,303
"Charlotte Amalie VI",B6,62
"Charlotte Amalie VI",CO,23
"Charlotte Amalie VI",DL,128
"Charlotte Amalie VI",NK,31
"Charlotte Amalie VI",UA,37
"Charlotte Amalie VI",US,101
"Charlotte NC",AA,8127
"Charlotte NC",B6,124
"Charlotte NC",DH,216
"Charlotte NC",DL,859
"Charlotte NC",EV,539
"Charlotte NC",F9,62
"Charlotte NC",FL,185
"Charlotte NC",MQ,364
"Charlotte NC",NW,211
"Charlotte NC",OH,305
"Charlotte NC",OO,56
"Charlotte NC",UA,211
"Charlotte NC",US,7738
"Charlotte NC",WN,178
"Charlotte NC",XE,420
"Charlottesville VA",DL,31
"Charlottesville VA",EV,92
"Charlottesville VA",MQ,26
"Charlottesville VA",OH,86
"Charlottesville VA",OO,145
"Chattanooga TN",DL,59
"Chattanooga TN",EV,531
"Chattanooga TN",MQ,86
"Chattanooga TN",OH,138
"Chicago IL",AA,12929
"Chicago IL",AS,320
"Chicago IL",B6,278
"Chicago IL",CO,517
"Chicago IL",DH,180
"Chicago IL",DL,1533
"Chicago IL",EV,4606
"Chicago IL",F9,604
"Chicago IL",FL,340
"Chicago IL",HP,277
"Chicago IL",MQ,13399
"Chicago IL",NK,1023
"Chicago IL",NW,937
"Chicago IL",OH,283
"Chicago IL",OO,5599
"Chicago IL",TZ,1345
"Chicago IL",UA,14424
"Chicago IL",US,559
"Chicago IL",VX,152
"Chicago IL",WN,13596
"Chicago IL",XE,416
"Chico CA",OO,93
"Christiansted VI",AA,97
"Christiansted VI",B6,31
"Christiansted VI",DL,13
"Christiansted VI",US,9
"Cincinnati OH",DL,4634
"Cincinnati OH",EV,2475
"Cincinnati OH",F9,248
"Cincinnati OH",MQ,869
"Cincinnati OH",OH,11483
"Cincinnati OH",OO,543
"Cincinnati OH",UA,30
"Cincinnati OH",XE,238
"Cleveland OH",AA,260
"Cleveland OH",B6,93
"Cleveland OH",CO,1358
"Cleveland OH",DH,155
"Cleveland OH",DL,419
"Cleveland OH",EV,1064
"Cleveland OH",F9,301
"Cleveland OH",HP,124
"Cleveland OH",MQ,734
"Cleveland OH",NK,248
"Cleveland OH",NW,185
"Cleveland OH",OH,150
"Cleveland OH",OO,229
"Cleveland OH",UA,736
"Cleveland OH",US,31
"Cleveland OH",WN,1077
"Cleveland OH",XE,4090
"Cody WY",OO,222
"College Station/Bryan TX",EV,60
"College Station/Bryan TX",MQ,365
"College Station/Bryan TX",XE,25
"Colorado Springs CO",AA,337
"Colorado Springs CO",DL,93
"Colorado Springs CO",EV,28
"Colorado Springs CO",MQ,62
"Colorado Springs CO",NW,92
"Colorado Springs CO",OH,62
"Colorado Springs CO",OO,1103
"Colorado Springs CO",UA,27
"Colorado Springs CO",XE,169
"Columbia MO",MQ,121
"Columbia SC",DH,186
"Columbia SC",DL,203
"Columbia SC",EV,629
"Columbia SC",OH,274
"Columbia SC",XE,112
"Columbus GA",EV,251
"Columbus MS",EV,181
"Columbus OH",AA,369
"Columbus OH",CO,113
"Columbus OH",DH,124
"Columbus OH",DL,627
"Columbus OH",EV,220
"Columbus OH",HP,124
"Columbus OH",MQ,1039
"Columbus OH",NW,324
"Columbus OH",OH,185
"Columbus OH",OO,185
"Columbus OH",UA,186
"Columbus OH",US,219
"Columbus OH",WN,1621
"Columbus OH",XE,278
"Cordova AK",AS,124
"Corpus Christi TX",CO,2
"Corpus Christi TX",EV,276
"Corpus Christi TX",MQ,359
"Corpus Christi TX",WN,283
"Corpus Christi TX",XE,289
"Crescent City CA",OO,81
"Dallas TX",DL,137
"Dallas TX",EV,8
"Dallas TX",VX,538
"Dallas TX",WN,8079
"Dallas TX",XE,335
"Dallas/Fort Worth TX",AA,28259
"Dallas/Fort Worth TX",AS,155
"Dallas/Fort Worth TX",B6,58
"Dallas/Fort Worth TX",CO,334
"Dallas/Fort Worth TX",DL,1189
"Dallas/Fort Worth TX",EV,2857
"Dallas/Fort Worth TX",F9,281
"Dallas/Fort Worth TX",FL,526
"Dallas/Fort Worth TX",HP,278
"Dallas/Fort Worth TX",MQ,13033
"Dallas/Fort Worth TX",NK,857
"Dallas/Fort Worth TX",NW,385
"Dallas/Fort Worth TX",OO,355
"Dallas/Fort Worth TX",TZ,145
"Dallas/Fort Worth TX",UA,866
"Dallas/Fort Worth TX",US,467
"Dallas/Fort Worth TX",XE,243
"Dayton OH",AA,154
"Dayton OH",DL,246
"Dayton OH",EV,294
"Dayton OH",FL,243
"Dayton OH",MQ,294
"Dayton OH",OH,185
"Dayton OH",OO,262
"Dayton OH",UA,31
"Dayton OH",WN,158
"Dayton OH",XE,234
"Daytona Beach FL",DL,334
"Daytona Beach FL",EV,57
"Daytona Beach FL",OH,36
"Daytona Beach FL",XE,62
"Deadhorse AK",AS,110
"Denver CO",AA,1673
"Denver CO",AS,399
"Denver CO",B6,185
"Denver CO",CO,411
"Denver CO",DL,1192
"Denver CO",EV,13
"Denver CO",F9,5526
"Denver CO",FL,123
"Denver CO",HP,336
"Denver CO",NK,403
"Denver CO",NW,494
"Denver CO",OH,31
"Denver CO",OO,8867
"Denver CO",TZ,213
"Denver CO",UA,11345
"Denver CO",US,304
"Denver CO",WN,5545
"Denver CO",XE,13
"Des Moines IA",AA,61
"Des Moines IA",DL,91
"Des Moines IA",EV,253
"Des Moines IA",F9,18
"Des Moines IA",MQ,599
"Des Moines IA",NW,52
"Des Moines IA",OH,88
"Des Moines IA",OO,238
"Des Moines IA",UA,200
"Des Moines IA",WN,93
"Des Moines IA",XE,57
"Detroit MI",AA,965
"Detroit MI",AS,31
"Detroit MI",B6,124
"Detroit MI",CO,179
"Detroit MI",DH,198
"Detroit MI",DL,5587
"Detroit MI",EV,1955
"Detroit MI",F9,142
"Detroit MI",HP,186
"Detroit MI",MQ,334
"Detroit MI",NK,628
"Detroit MI",NW,9400
"Detroit MI",OH,332
"Detroit MI",OO,1044
"Detroit MI",UA,307
"Detroit MI",US,93
"Detroit MI",WN,1049
"Detroit MI",XE,173
"Devils Lake ND",OO,50
"Dickinson ND",OO,64
"Dillingham AK",AS,67
"Dothan AL",EV,268
"Dubuque IA",MQ,211
"Duluth MN",DL,31
"Duluth MN",NW,88
"Duluth MN",OO,122
"Durango CO",MQ,93
"Durango CO",OO,206
"Eagle CO",AA,62
"Eagle CO",UA,75
"Eau Claire WI",OO,62
"El Centro CA",OO,62
"El Paso TX",AA,431
"El Paso TX",CO,92
"El Paso TX",DL,124
"El Paso TX",EV,102
"El Paso TX",HP,155
"El Paso TX",MQ,62
"El Paso TX",OO,388
"El Paso TX",WN,1644
"El Paso TX",XE,87
"Elko NV",OO,227
"Elmira/Corning NY",EV,201
"Erie PA",EV,61
"Erie PA",OH,93
"Escanaba MI",OO,54
"Eugene OR",OO,880
"Evansville IN",DL,41
"Evansville IN",EV,391
"Evansville IN",MQ,356
"Evansville IN",OH,155
"Fairbanks AK",AS,682
"Fairbanks AK",DL,93
"Fairbanks AK",NW,62
"Fairbanks AK",UA,31
"Fargo ND",DL,61
"Fargo ND",EV,158
"Fargo ND",MQ,120
"Fargo ND",NW,204
"Fargo ND",OO,442
"Fayetteville AR",AA,88
"Fayetteville AR",DL,58
"Fayetteville AR",EV,490
"Fayetteville AR",MQ,881
"Fayetteville AR",NW,26
"Fayetteville AR",OH,83
"Fayetteville AR",OO,307
"Fayetteville AR",XE,180
"Fayetteville NC",DL,52
"Fayetteville NC",EV,221
"Flagstaff AZ",OO,182
"Flint MI",DL,88
"Flint MI",EV,149
"Flint MI",FL,186
"Flint MI",MQ,91
"Flint MI",NW,235
"Flint MI",OH,123
"Flint MI",OO,78
"Flint MI",WN,124
"Florence SC",EV,88
"Fort Lauderdale FL",AA,1272
"Fort Lauderdale FL",AS,31
"Fort Lauderdale FL",B6,2314
"Fort Lauderdale FL",CO,420
"Fort Lauderdale FL",DL,1931
"Fort Lauderdale FL",F9,80
"Fort Lauderdale FL",FL,411
"Fort Lauderdale FL",HP,93
"Fort Lauderdale FL",NK,1043
"Fort Lauderdale FL",NW,245
"Fort Lauderdale FL",OH,129
"Fort Lauderdale FL",UA,543
"Fort Lauderdale FL",US,792
"Fort Lauderdale FL",VX,61
"Fort Lauderdale FL",WN,2863
"Fort Myers FL",AA,434
"Fort Myers FL",B6,403
"Fort Myers FL",CO,154
"Fort Myers FL",DH,62
"Fort Myers FL",DL,915
"Fort Myers FL",EV,21
"Fort Myers FL",F9,102
"Fort Myers FL",FL,124
"Fort Myers FL",NK,57
"Fort Myers FL",NW,186
"Fort Myers FL",OH,93
"Fort Myers FL",OO,4
"Fort Myers FL",TZ,67
"Fort Myers FL",UA,151
"Fort Myers FL",US,293
"Fort Myers FL",WN,467
"Fort Myers FL",XE,6
"Fort Smith AR",EV,172
"Fort Smith AR",MQ,180
"Fort Wayne IN",EV,153
"Fort Wayne IN",MQ,365
"Fort Wayne IN",OH,167
"Fort Wayne IN",OO,364
"Fresno CA",AA,124
"Fresno CA",MQ,242
"Fresno CA",OO,1513
"Gainesville FL",EV,392
"Gainesville FL",MQ,43
"Garden City KS",MQ,62
"Gillette WY",OO,89
"Grand Forks ND",NW,80
"Grand Forks ND",OO,34
"Grand Island NE",MQ,58
"Grand Junction CO",EV,31
"Grand Junction CO",MQ,87
"Grand Junction CO",OO,527
"Grand Rapids MI",DL,255
"Grand Rapids MI",EV,323
"Grand Rapids MI",MQ,577
"Grand Rapids MI",NW,345
"Grand Rapids MI",OH,183
"Grand Rapids MI",OO,54
"Grand Rapids MI",UA,190
"Grand Rapids MI",WN,159
"Grand Rapids MI",XE,201
"Great Falls MT",NW,62
"Great Falls MT",OO,511
"Green Bay WI",DL,133
"Green Bay WI",EV,207
"Green Bay WI",MQ,337
"Green Bay WI",NW,254
"Green Bay WI",OH,123
"Green Bay WI",OO,85
"Greensboro/High Point NC",AA,1
"Greensboro/High Point NC",DH,153
"Greensboro/High Point NC",DL,420
"Greensboro/High Point NC",EV,364
"Greensboro/High Point NC",F9,18
"Greensboro/High Point NC",MQ,205
"Greensboro/High Point NC",NW,62
"Greensboro/High Point NC",OH,517
"Greensboro/High Point NC",UA,62
"Greensboro/High Point NC",US,83
"Greensboro/High Point NC",XE,238
"Greer SC",DH,197
"Greer SC",DL,330
"Greer SC",EV,359
"Greer SC",MQ,276
"Greer SC",NW,31
"Greer SC",OH,217
"Greer SC",WN,120
"Greer SC",XE,178
"Guam TT",UA,31
"Gulfport/Biloxi MS",CO,29
"Gulfport/Biloxi MS",DL,113
"Gulfport/Biloxi MS",EV,467
"Gulfport/Biloxi MS",FL,124
"Gulfport/Biloxi MS",NW,35
"Gulfport/Biloxi MS",XE,124
"Gunnison CO",OO,50
"Gustavus AK",AS,62
"Hancock/Houghton MI",OO,63
"Harlingen/San Benito TX",EV,113
"Harlingen/San Benito TX",WN,530
"Harlingen/San Benito TX",XE,153
"Harrisburg PA",DL,89
"Harrisburg PA",EV,226
"Harrisburg PA",MQ,208
"Harrisburg PA",NW,92
"Harrisburg PA",OH,139
"Harrisburg PA",UA,81
"Harrisburg PA",US,62
"Harrisburg PA",XE,72
"Hartford CT",AA,567
"Hartford CT",B6,270
"Hartford CT",CO,55
"Hartford CT",DH,192
"Hartford CT",DL,1037
"Hartford CT",EV,151
"Hartford CT",HP,31
"Hartford CT",MQ,183
"Hartford CT",NW,237
"Hartford CT",OH,62
"Hartford CT",OO,84
"Hartford CT",UA,248
"Hartford CT",US,480
"Hartford CT",WN,1266
"Hartford CT",XE,196
"Hattiesburg/Laurel MS",EV,54
"Hayden CO",EV,31
"Hayden CO",XE,31
"Hays KS",OO,54
"Helena MT",OO,362
"Hibbing MN",OO,85
"Hickory NC",EV,93
"Hilo HI",HA,776
"Hilo HI",UA,31
"Hobbs NM",EV,58
"Honolulu HI",AA,595
"Honolulu HI",AS,230
"Honolulu HI",CO,120
"Honolulu HI",DL,490
"Honolulu HI",HA,5028
"Honolulu HI",NW,200
"Honolulu HI",TZ,157
"Honolulu HI",UA,911
"Houston TX",AA,1560
"Houston TX",AS,53
"Houston TX",B6,62
"Houston TX",CO,7669
"Houston TX",DL,781
"Houston TX",EV,5746
"Houston TX",F9,248
"Houston TX",FL,184
"Houston TX",HP,186
"Houston TX",MQ,428
"Houston TX",NK,527
"Houston TX",NW,339
"Houston TX",OH,83
"Houston TX",OO,1601
"Houston TX",UA,5306
"Houston TX",US,358
"Houston TX",WN,8809
"Houston TX",XE,8694
"Huntsville AL",AA,92
"Huntsville AL",DH,93
"Huntsville AL",DL,253
"Huntsville AL",EV,476
"Huntsville AL",MQ,234
"Huntsville AL",OH,181
"Huntsville AL",XE,134
"Hyannis MA",B6,31
"Idaho Falls ID",OO,538
"Indianapolis IN",AA,704
"Indianapolis IN",CO,91
"Indianapolis IN",DH,118
"Indianapolis IN",DL,704
"Indianapolis IN",EV,338
"Indianapolis IN",F9,173
"Indianapolis IN",FL,186
"Indianapolis IN",HP,61
"Indianapolis IN",MQ,295
"Indianapolis IN",NW,875
"Indianapolis IN",OH,171
"Indianapolis IN",OO,113
"Indianapolis IN",TZ,124
"Indianapolis IN",UA,198
"Indianapolis IN",US,259
"Indianapolis IN",WN,1591
"Indianapolis IN",XE,381
"International Falls MN",OO,53
"Inyokern CA",OO,93
"Iron Mountain/Kingsfd MI",OO,58
"Islip NY",EV,121
"Islip NY",OH,62
"Islip NY",WN,1251
"Islip NY",XE,53
"Jackson WY",AA,112
"Jackson WY",DL,205
"Jackson WY",EV,31
"Jackson WY",NW,36
"Jackson WY",OO,222
"Jackson WY",UA,282
"Jackson/Vicksburg MS",DL,348
"Jackson/Vicksburg MS",EV,583
"Jackson/Vicksburg MS",MQ,278
"Jackson/Vicksburg MS",NW,25
"Jackson/Vicksburg MS",OH,61
"Jackson/Vicksburg MS",WN,273
"Jackson/Vicksburg MS",XE,116
"Jacksonville FL",AA,481
"Jacksonville FL",B6,279
"Jacksonville FL",CO,117
"Jacksonville FL",DH,124
"Jacksonville FL",DL,778
"Jacksonville FL",EV,155
"Jacksonville FL",FL,155
"Jacksonville FL",MQ,127
"Jacksonville FL",NW,123
"Jacksonville FL",OH,434
"Jacksonville FL",OO,32
"Jacksonville FL",US,332
"Jacksonville FL",WN,1048
"Jacksonville FL",XE,167
"Jacksonville/Camp Lejeune NC",EV,105
"Jamestown ND",OO,77
"Joplin MO",EV,51
"Joplin MO",MQ,11
"Juneau AK",AS,1055
"Juneau AK",DL,31
"Kahului HI",AA,381
"Kahului HI",AS,230
"Kahului HI",CO,31
"Kahului HI",DL,155
"Kahului HI",HA,1989
"Kahului HI",NW,45
"Kahului HI",TZ,93
"Kahului HI",UA,473
"Kalamazoo MI",EV,9
"Kalamazoo MI",MQ,244
"Kalamazoo MI",OH,154
"Kalispell MT",DL,100
"Kalispell MT",HP,31
"Kalispell MT",NW,62
"Kalispell MT",OO,457
"Kansas City MO",AA,1147
"Kansas City MO",AS,53
"Kansas City MO",CO,52
"Kansas City MO",DL,916
"Kansas City MO",EV,416
"Kansas City MO",F9,216
"Kansas City MO",FL,93
"Kansas City MO",HP,92
"Kansas City MO",NK,147
"Kansas City MO",NW,427
"Kansas City MO",OH,119
"Kansas City MO",OO,184
"Kansas City MO",UA,237
"Kansas City MO",US,276
"Kansas City MO",WN,3910
"Kansas City MO",XE,419
"Ketchikan AK",AS,527
"Ketchikan AK",OO,31
"Key West FL",DL,96
"Key West FL",EV,100
"Key West FL",MQ,30
"Killeen TX",EV,314
"Killeen TX",MQ,413
"Killeen TX",XE,92
"King Salmon AK",AS,95
"Kinston NC",EV,89
"Knoxville TN",DH,155
"Knoxville TN",DL,223
"Knoxville TN",EV,814
"Knoxville TN",F9,13
"Knoxville TN",MQ,286
"Knoxville TN",OH,180
"Knoxville TN",OO,31
"Knoxville TN",XE,170
"Kodiak AK",AS,120
"Kona HI",AA,155
"Kona HI",AS,111
"Kona HI",DL,31
"Kona HI",HA,1180
"Kona HI",NW,31
"Kona HI",TZ,9
"Kona HI",UA,305
"Kotzebue AK",AS,155
"La Crosse WI",MQ,214
"La Crosse WI",NW,25
"La Crosse WI",OO,39
"Lafayette LA",CO,30
"Lafayette LA",DL,31
"Lafayette LA",EV,406
"Lafayette LA",MQ,119
"Lafayette LA",XE,228
"Lake Charles LA",EV,96
"Lake Charles LA",MQ,60
"Lake Charles LA",XE,118
"Lansing MI",EV,89
"Lansing MI",NW,174
"Lansing MI",OH,113
"Lansing MI",OO,81
"Laramie WY",OO,54
"Laredo TX",EV,120
"Laredo TX",MQ,227
"Laredo TX",XE,108
"Las Vegas NV",AA,2085
"Las Vegas NV",AS,708
"Las Vegas NV",B6,722
"Las Vegas NV",CO,469
"Las Vegas NV",DH,62
"Las Vegas NV",DL,1737
"Las Vegas NV",EV,92
"Las Vegas NV",F9,629
"Las Vegas NV",FL,186
"Las Vegas NV",HA,132
"Las Vegas NV",HP,3204
"Las Vegas NV",NK,868
"Las Vegas NV",NW,464
"Las Vegas NV",OO,363
"Las Vegas NV",TZ,62
"Las Vegas NV",UA,2002
"Las Vegas NV",US,271
"Las Vegas NV",VX,330
"Las Vegas NV",WN,12637
"Latrobe PA",NK,146
"Lawton/Fort Sill OK",EV,87
"Lawton/Fort Sill OK",MQ,222
"Lewisburg WV",EV,19
"Lewiston ID",OO,124
"Lexington KY",DL,208
"Lexington KY",EV,516
"Lexington KY",MQ,243
"Lexington KY",NW,59
"Lexington KY",OH,357
"Lexington KY",OO,67
"Lexington KY",XE,130
"Lihue HI",AA,173
"Lihue HI",AS,106
"Lihue HI",DL,31
"Lihue HI",HA,1262
"Lihue HI",TZ,19
"Lihue HI",UA,195
"Lincoln NE",EV,142
"Lincoln NE",OO,212
"Little Rock AR",DL,298
"Little Rock AR",EV,509
"Little Rock AR",MQ,777
"Little Rock AR",NW,93
"Little Rock AR",OH,93
"Little Rock AR",OO,123
"Little Rock AR",WN,618
"Little Rock AR",XE,248
"Long Beach CA",AA,150
"Long Beach CA",AS,93
"Long Beach CA",B6,1550
"Long Beach CA",OO,114
"Longview TX",MQ,154
"Los Angeles CA",AA,6359
"Los Angeles CA",AS,1423
"Los Angeles CA",B6,399
"Los Angeles CA",CO,653
"Los Angeles CA",DH,31
"Los Angeles CA",DL,3776
"Los Angeles CA",EV,87
"Los Angeles CA",F9,330
"Los Angeles CA",FL,186
"Los Angeles CA",HA,279
"Los Angeles CA",HP,701
"Los Angeles CA",MQ,1781
"Los Angeles CA",NK,449
"Los Angeles CA",NW,611
"Los Angeles CA",OO,7816
"Los Angeles CA",TZ,116
"Los Angeles CA",UA,5788
"Los Angeles CA",US,320
"Los Angeles CA",VX,1103
"Los Angeles CA",WN,7328
"Louisville KY",AA,89
"Louisville KY",DH,124
"Louisville KY",DL,440
"Louisville KY",EV,246
"Louisville KY",MQ,310
"Louisville KY",NW,150
"Louisville KY",OH,327
"Louisville KY",OO,23
"Louisville KY",WN,998
"Louisville KY",XE,327
"Lubbock TX",AA,31
"Lubbock TX",EV,93
"Lubbock TX",MQ,355
"Lubbock TX",OO,61
"Lubbock TX",WN,580
"Lubbock TX",XE,147
"Lynchburg VA",EV,88
"Macon GA",EV,88
"Madison WI",DL,224
"Madison WI",EV,235
"Madison WI",F9,18
"Madison WI",MQ,515
"Madison WI",NW,366
"Madison WI",OH,113
"Madison WI",OO,150
"Madison WI",UA,57
"Madison WI",XE,81
"Manchester NH",CO,25
"Manchester NH",DH,124
"Manchester NH",DL,175
"Manchester NH",EV,186
"Manchester NH",NW,154
"Manchester NH",OH,91
"Manchester NH",UA,123
"Manchester NH",US,365
"Manchester NH",WN,1318
"Manchester NH",XE,205
"Manhattan/Ft. Riley KS",MQ,153
"Marquette MI",MQ,114
"Marthas Vineyard MA",B6,62
"Medford OR",OO,755
"Melbourne FL",DL,275
"Melbourne FL",EV,59
"Melbourne FL",OH,134
"Memphis TN",AA,203
"Memphis TN",CO,2
"Memphis TN",DL,688
"Memphis TN",EV,394
"Memphis TN",F9,44
"Memphis TN",FL,149
"Memphis TN",MQ,391
"Memphis TN",NW,2718
"Memphis TN",OH,123
"Memphis TN",OO,154
"Memphis TN",US,57
"Memphis TN",WN,301
"Memphis TN",XE,294
"Meridian MS",EV,203
"Miami FL",AA,8321
"Miami FL",AS,3
"Miami FL",CO,309
"Miami FL",DL,1113
"Miami FL",F9,186
"Miami FL",FL,123
"Miami FL",HP,61
"Miami FL",MQ,974
"Miami FL",NW,155
"Miami FL",OH,124
"Miami FL",OO,53
"Miami FL",UA,367
"Miami FL",US,283
"Miami FL",XE,22
"Midland/Odessa TX",EV,186
"Midland/Odessa TX",MQ,207
"Midland/Odessa TX",OO,132
"Midland/Odessa TX",WN,669
"Midland/Odessa TX",XE,146
"Milwaukee WI",AA,151
"Milwaukee WI",DL,656
"Milwaukee WI",EV,257
"Milwaukee WI",F9,97
"Milwaukee WI",FL,155
"Milwaukee WI",HP,61
"Milwaukee WI",MQ,309
"Milwaukee WI",NW,542
"Milwaukee WI",OH,180
"Milwaukee WI",OO,701
"Milwaukee WI",US,31
"Milwaukee WI",WN,1287
"Milwaukee WI",XE,336
"Minneapolis MN",AA,1163
"Minneapolis MN",AS,62
"Minneapolis MN",CO,154
"Minneapolis MN",DL,6386
"Minneapolis MN",EV,714
"Minneapolis MN",F9,301
"Minneapolis MN",FL,154
"Minneapolis MN",HP,213
"Minneapolis MN",MQ,62
"Minneapolis MN",NK,310
"Minneapolis MN",NW,10088
"Minneapolis MN",OH,192
"Minneapolis MN",OO,2704
"Minneapolis MN",TZ,231
"Minneapolis MN",UA,855
"Minneapolis MN",US,87
"Minneapolis MN",WN,740
"Minneapolis MN",XE,291
"Minot ND",NW,93
"Minot ND",OO,218
"Mission/McAllen/Edinburg TX",AA,248
"Mission/McAllen/Edinburg TX",CO,145
"Mission/McAllen/Edinburg TX",EV,77
"Mission/McAllen/Edinburg TX",OO,15
"Mission/McAllen/Edinburg TX",UA,45
"Mission/McAllen/Edinburg TX",XE,75
"Missoula MT",DL,97
"Missoula MT",F9,13
"Missoula MT",NW,93
"Missoula MT",OO,527
"Mobile AL",DL,176
"Mobile AL",EV,426
"Mobile AL",MQ,154
"Mobile AL",XE,145
"Modesto CA",OO,121
"Moline IL",EV,120
"Moline IL",FL,111
"Moline IL",MQ,327
"Moline IL",OH,93
"Moline IL",OO,83
"Monroe LA",EV,414
"Monroe LA",XE,25
"Monterey CA",MQ,129
"Monterey CA",OO,763
"Montgomery AL",EV,479
"Montgomery AL",MQ,61
"Montgomery AL",XE,61
"Montrose/Delta CO",EV,30
"Montrose/Delta CO",MQ,27
"Montrose/Delta CO",OO,250
"Montrose/Delta CO",XE,62
"Mosinee WI",EV,61
"Mosinee WI",MQ,57
"Muskegon MI",OO,62
"Myrtle Beach SC",CO,31
"Myrtle Beach SC",DL,124
"Myrtle Beach SC",EV,253
"Myrtle Beach SC",FL,124
"Myrtle Beach SC",NK,403
"Myrtle Beach SC",NW,31
"Myrtle Beach SC",OH,188
"Myrtle Beach SC",US,187
"Nantucket MA",B6,139
"Nantucket MA",XE,87
"Naples FL",EV,93
"Nashville TN",AA,873
"Nashville TN",DH,149
"Nashville TN",DL,739
"Nashville TN",EV,285
"Nashville TN",F9,119
"Nashville TN",MQ,729
"Nashville TN",NW,381
"Nashville TN",OH,274
"Nashville TN",OO,338
"Nashville TN",UA,78
"Nashville TN",US,169
"Nashville TN",WN,5272
"Nashville TN",XE,432
"New Bern/Morehead/Beaufort NC",EV,57
"New Haven CT",OH,88
"New Orleans LA",AA,926
"New Orleans LA",AS,31
"New Orleans LA",B6,187
"New Orleans LA",CO,427
"New Orleans LA",DL,1066
"New Orleans LA",EV,111
"New Orleans LA",F9,93
"New Orleans LA",FL,149
"New Orleans LA",HP,62
"New Orleans LA",MQ,5
"New Orleans LA",NK,155
"New Orleans LA",NW,248
"New Orleans LA",OH,31
"New Orleans LA",OO,72
"New Orleans LA",UA,626
"New Orleans LA",US,413
"New Orleans LA",WN,3356
"New Orleans LA",XE,74
"New York NY",AA,7001
"New York NY",B6,8135
"New York NY",CO,386
"New York NY",DH,241
"New York NY",DL,7935
"New York NY",EV,1140
"New York NY",F9,155
"New York NY",FL,429
"New York NY",HA,31
"New York NY",HP,272
"New York NY",MQ,3565
"New York NY",NK,341
"New York NY",NW,712
"New York NY",OH,2819
"New York NY",TZ,287
"New York NY",UA,2233
"New York NY",US,1411
"New York NY",VX,445
"New York NY",WN,1003
"New York NY",XE,149
"Newark NJ",AA,1486
"Newark NJ",AS,124
"Newark NJ",B6,589
"Newark NJ",CO,4492
"Newark NJ",DH,240
"Newark NJ",DL,1129
"Newark NJ",EV,3090
"Newark NJ",FL,154
"Newark NJ",HP,185
"Newark NJ",MQ,335
"Newark NJ",NW,465
"Newark NJ",OH,78
"Newark NJ",TZ,146
"Newark NJ",UA,4618
"Newark NJ",US,297
"Newark NJ",VX,184
"Newark NJ",WN,518
"Newark NJ",XE,5240
"Newburgh/Poughkeepsie NY",B6,62
"Newburgh/Poughkeepsie NY",DH,93
"Newburgh/Poughkeepsie NY",MQ,123
"Newburgh/Poughkeepsie NY",OH,62
"Newport News/Williamsburg VA",DL,31
"Newport News/Williamsburg VA",EV,333
"Newport News/Williamsburg VA",FL,341
"Niagara Falls NY",NK,27
"Nome AK",AS,155
"Norfolk VA",AA,207
"Norfolk VA",CO,3
"Norfolk VA",DL,613
"Norfolk VA",EV,188
"Norfolk VA",MQ,137
"Norfolk VA",NW,122
"Norfolk VA",OH,304
"Norfolk VA",OO,23
"Norfolk VA",US,251
"Norfolk VA",WN,563
"Norfolk VA",XE,344
"North Bend/Coos Bay OR",OO,40
"Oakland CA",AA,186
"Oakland CA",AS,742
"Oakland CA",B6,682
"Oakland CA",CO,62
"Oakland CA",DL,207
"Oakland CA",HA,93
"Oakland CA",HP,217
"Oakland CA",NK,155
"Oakland CA",OO,509
"Oakland CA",UA,364
"Oakland CA",WN,7100
"Oklahoma City OK",AA,326
"Oklahoma City OK",CO,56
"Oklahoma City OK",DL,218
"Oklahoma City OK",EV,283
"Oklahoma City OK",MQ,570
"Oklahoma City OK",OH,119
"Oklahoma City OK",OO,283
"Oklahoma City OK",UA,207
"Oklahoma City OK",WN,1052
"Oklahoma City OK",XE,218
"Omaha NE",AA,274
"Omaha NE",CO,30
"Omaha NE",DL,229
"Omaha NE",EV,392
"Omaha NE",F9,126
"Omaha NE",HP,69
"Omaha NE",MQ,246
"Omaha NE",NW,253
"Omaha NE",OH,119
"Omaha NE",OO,262
"Omaha NE",UA,363
"Omaha NE",WN,990
"Omaha NE",XE,222
"Ontario CA",AA,447
"Ontario CA",AS,156
"Ontario CA",B6,62
"Ontario CA",CO,93
"Ontario CA",DL,185
"Ontario CA",HP,218
"Ontario CA",NW,62
"Ontario CA",OO,908
"Ontario CA",UA,124
"Ontario CA",WN,2538
"Orlando FL",AA,2657
"Orlando FL",AS,91
"Orlando FL",B6,2223
"Orlando FL",CO,570
"Orlando FL",DH,156
"Orlando FL",DL,2780
"Orlando FL",EV,8
"Orlando FL",F9,456
"Orlando FL",FL,1095
"Orlando FL",HP,93
"Orlando FL",MQ,30
"Orlando FL",NK,390
"Orlando FL",NW,568
"Orlando FL",OH,557
"Orlando FL",TZ,124
"Orlando FL",UA,1681
"Orlando FL",US,822
"Orlando FL",VX,31
"Orlando FL",WN,6358
"Orlando FL",XE,26
"Oxnard/Ventura CA",OO,144
"Paducah KY",OO,62
"Pago Pago TT",HA,14
"Palm Springs CA",AA,63
"Palm Springs CA",AS,133
"Palm Springs CA",OO,849
"Palm Springs CA",XE,31
"Panama City FL",DL,187
"Panama City FL",EV,330
"Panama City FL",OH,41
"Panama City FL",WN,205
"Pasco/Kennewick/Richland WA",DL,88
"Pasco/Kennewick/Richland WA",OO,516
"Pellston MI",OO,120
"Pensacola FL",AA,62
"Pensacola FL",DL,438
"Pensacola FL",EV,336
"Pensacola FL",FL,118
"Pensacola FL",MQ,417
"Pensacola FL",OH,124
"Pensacola FL",US,62
"Pensacola FL",WN,97
"Pensacola FL",XE,155
"Peoria IL",EV,356
"Peoria IL",MQ,389
"Peoria IL",OO,4
"Petersburg AK",AS,124
"Philadelphia PA",AA,4712
"Philadelphia PA",AS,31
"Philadelphia PA",B6,151
"Philadelphia PA",CO,200
"Philadelphia PA",DL,1318
"Philadelphia PA",F9,341
"Philadelphia PA",FL,617
"Philadelphia PA",HP,153
"Philadelphia PA",MQ,3
"Philadelphia PA",NK,155
"Philadelphia PA",NW,453
"Philadelphia PA",OH,131
"Philadelphia PA",UA,917
"Philadelphia PA",US,5824
"Philadelphia PA",WN,2193
"Philadelphia PA",XE,181
"Phoenix AZ",AA,6061
"Phoenix AZ",AS,434
"Phoenix AZ",B6,93
"Phoenix AZ",CO,333
"Phoenix AZ",DL,944
"Phoenix AZ",EV,99
"Phoenix AZ",F9,340
"Phoenix AZ",HA,62
"Phoenix AZ",HP,5720
"Phoenix AZ",NK,62
"Phoenix AZ",NW,340
"Phoenix AZ",OO,2431
"Phoenix AZ",TZ,124
"Phoenix AZ",UA,871
"Phoenix AZ",US,235
"Phoenix AZ",WN,10935
"Phoenix AZ",XE,50
"Pittsburgh PA",AA,704
"Pittsburgh PA",B6,146
"Pittsburgh PA",CO,21
"Pittsburgh PA",DH,240
"Pittsburgh PA",DL,596
"Pittsburgh PA",EV,200
"Pittsburgh PA",FL,190
"Pittsburgh PA",HP,62
"Pittsburgh PA",MQ,210
"Pittsburgh PA",NW,168
"Pittsburgh PA",OH,217
"Pittsburgh PA",OO,57
"Pittsburgh PA",UA,427
"Pittsburgh PA",US,2270
"Pittsburgh PA",WN,1191
"Pittsburgh PA",XE,289
"Plattsburgh NY",NK,25
"Pocatello ID",OO,244
"Ponce PR",B6,124
"Portland ME",AA,33
"Portland ME",B6,155
"Portland ME",DH,165
"Portland ME",DL,215
"Portland ME",EV,254
"Portland ME",NW,93
"Portland ME",OH,248
"Portland ME",US,118
"Portland ME",WN,123
"Portland ME",XE,158
"Portland OR",AA,666
"Portland OR",AS,2334
"Portland OR",B6,244
"Portland OR",CO,185
"Portland OR",DL,1050
"Portland OR",F9,216
"Portland OR",HA,75
"Portland OR",HP,216
"Portland OR",NK,93
"Portland OR",NW,248
"Portland OR",OO,1117
"Portland OR",UA,1309
"Portland OR",VX,31
"Portland OR",WN,2299
"Providence RI",AA,202
"Providence RI",B6,93
"Providence RI",CO,29
"Providence RI",DH,124
"Providence RI",DL,421
"Providence RI",EV,41
"Providence RI",NW,186
"Providence RI",OH,31
"Providence RI",OO,41
"Providence RI",UA,149
"Providence RI",US,543
"Providence RI",WN,1590
"Providence RI",XE,227
"Raleigh/Durham NC",AA,1125
"Raleigh/Durham NC",B6,244
"Raleigh/Durham NC",CO,98
"Raleigh/Durham NC",DH,155
"Raleigh/Durham NC",DL,972
"Raleigh/Durham NC",EV,315
"Raleigh/Durham NC",F9,124
"Raleigh/Durham NC",FL,154
"Raleigh/Durham NC",HP,93
"Raleigh/Durham NC",MQ,1540
"Raleigh/Durham NC",NW,248
"Raleigh/Durham NC",OH,641
"Raleigh/Durham NC",OO,8
"Raleigh/Durham NC",UA,201
"Raleigh/Durham NC",US,414
"Raleigh/Durham NC",WN,1735
"Raleigh/Durham NC",XE,389
"Rapid City SD",DL,31
"Rapid City SD",EV,33
"Rapid City SD",MQ,92
"Rapid City SD",NW,123
"Rapid City SD",OO,673
"Redding CA",OO,211
"Reno NV",AA,425
"Reno NV",AS,93
"Reno NV",B6,31
"Reno NV",CO,31
"Reno NV",DL,123
"Reno NV",EV,118
"Reno NV",F9,61
"Reno NV",HP,183
"Reno NV",NW,67
"Reno NV",OO,576
"Reno NV",UA,260
"Reno NV",WN,1888
"Rhinelander WI",OO,89
"Richmond VA",AA,321
"Richmond VA",B6,213
"Richmond VA",DL,565
"Richmond VA",EV,556
"Richmond VA",FL,186
"Richmond VA",MQ,423
"Richmond VA",NW,93
"Richmond VA",OH,331
"Richmond VA",OO,5
"Richmond VA",UA,92
"Richmond VA",US,196
"Richmond VA",WN,123
"Richmond VA",XE,314
"Roanoke VA",DL,47
"Roanoke VA",EV,365
"Roanoke VA",OH,91
"Rochester MN",EV,93
"Rochester MN",MQ,323
"Rochester MN",NW,55
"Rochester NY",B6,274
"Rochester NY",DH,153
"Rochester NY",DL,124
"Rochester NY",EV,229
"Rochester NY",FL,217
"Rochester NY",MQ,279
"Rochester NY",NW,138
"Rochester NY",OH,186
"Rochester NY",UA,151
"Rochester NY",US,174
"Rochester NY",WN,182
"Rochester NY",XE,229
"Rock Springs WY",OO,58
"Roswell NM",MQ,91
"Sacramento CA",AA,539
"Sacramento CA",AS,459
"Sacramento CA",B6,173
"Sacramento CA",CO,93
"Sacramento CA",DL,379
"Sacramento CA",EV,57
"Sacramento CA",F9,101
"Sacramento CA",HA,62
"Sacramento CA",HP,274
"Sacramento CA",NW,93
"Sacramento CA",OO,958
"Sacramento CA",UA,624
"Sacramento CA",WN,4263
"Saginaw/Bay City/Midland MI",EV,4
"Saginaw/Bay City/Midland MI",NW,158
"Saginaw/Bay City/Midland MI",OO,205
"Salt Lake City UT",AA,635
"Salt Lake City UT",AS,186
"Salt Lake City UT",B6,186
"Salt Lake City UT",CO,92
"Salt Lake City UT",DL,6837
"Salt Lake City UT",EV,1388
"Salt Lake City UT",F9,211
"Salt Lake City UT",HP,119
"Salt Lake City UT",NW,185
"Salt Lake City UT",OO,11661
"Salt Lake City UT",UA,368
"Salt Lake City UT",WN,2014
"Salt Lake City UT",XE,69
"San Angelo TX",MQ,305
"San Angelo TX",OO,1
"San Antonio TX",AA,1103
"San Antonio TX",AS,31
"San Antonio TX",CO,352
"San Antonio TX",DL,600
"San Antonio TX",EV,203
"San Antonio TX",F9,62
"San Antonio TX",HP,24
"San Antonio TX",MQ,3
"San Antonio TX",NW,217
"San Antonio TX",OH,129
"San Antonio TX",OO,605
"San Antonio TX",UA,392
"San Antonio TX",WN,2694
"San Antonio TX",XE,82
"San Diego CA",AA,1503
"San Diego CA",AS,879
"San Diego CA",B6,248
"San Diego CA",CO,300
"San Diego CA",DH,31
"San Diego CA",DL,1034
"San Diego CA",EV,31
"San Diego CA",F9,220
"San Diego CA",HA,93
"San Diego CA",HP,367
"San Diego CA",MQ,886
"San Diego CA",NK,186
"San Diego CA",NW,217
"San Diego CA",OO,1416
"San Diego CA",UA,1524
"San Diego CA",US,180
"San Diego CA",VX,176
"San Diego CA",WN,5606
"San Francisco CA",AA,2596
"San Francisco CA",AS,860
"San Francisco CA",B6,461
"San Francisco CA",CO,438
"San Francisco CA",DH,93
"San Francisco CA",DL,1690
"San Francisco CA",EV,24
"San Francisco CA",F9,360
"San Francisco CA",FL,62
"San Francisco CA",HA,93
"San Francisco CA",HP,361
"San Francisco CA",MQ,160
"San Francisco CA",NW,371
"San Francisco CA",OO,6581
"San Francisco CA",TZ,164
"San Francisco CA",UA,8535
"San Francisco CA",US,296
"San Francisco CA",VX,1500
"San Francisco CA",WN,1371
"San Jose CA",AA,878
"San Jose CA",AS,800
"San Jose CA",B6,155
"San Jose CA",CO,110
"San Jose CA",DH,31
"San Jose CA",DL,272
"San Jose CA",EV,57
"San Jose CA",F9,93
"San Jose CA",HA,62
"San Jose CA",HP,248
"San Jose CA",MQ,818
"San Jose CA",NW,93
"San Jose CA",OO,884
"San Jose CA",UA,444
"San Jose CA",WN,4216
"San Juan PR",AA,1918
"San Juan PR",B6,1245
"San Juan PR",CO,191
"San Juan PR",DL,530
"San Juan PR",NK,62
"San Juan PR",NW,5
"San Juan PR",TZ,124
"San Juan PR",UA,267
"San Juan PR",US,220
"San Juan PR",WN,345
"San Luis Obispo CA",MQ,186
"San Luis Obispo CA",OO,521
"Santa Ana CA",AA,1031
"Santa Ana CA",AS,830
"Santa Ana CA",CO,235
"Santa Ana CA",DL,550
"Santa Ana CA",EV,31
"Santa Ana CA",F9,155
"Santa Ana CA",HP,392
"Santa Ana CA",MQ,425
"Santa Ana CA",NW,123
"Santa Ana CA",OO,522
"Santa Ana CA",UA,899
"Santa Ana CA",WN,2596
"Santa Barbara CA",MQ,273
"Santa Barbara CA",OO,1420
"Santa Fe NM",EV,34
"Santa Fe NM",MQ,91
"Santa Fe NM",OO,31
"Santa Maria CA",OO,242
"Sarasota/Bradenton FL",B6,62
"Sarasota/Bradenton FL",DL,394
"Sarasota/Bradenton FL",FL,155
"Sarasota/Bradenton FL",OH,124
"Sarasota/Bradenton FL",UA,1
"Sarasota/Bradenton FL",US,31
"Sarasota/Bradenton FL",XE,36
"Sault Ste. Marie MI",OO,61
"Savannah GA",B6,93
"Savannah GA",CO,5
"Savannah GA",DH,191
"Savannah GA",DL,651
"Savannah GA",EV,249
"Savannah GA",FL,92
"Savannah GA",MQ,218
"Savannah GA",OH,315
"Savannah GA",OO,18
"Savannah GA",US,118
"Savannah GA",XE,159
"Scranton/Wilkes-Barre PA",EV,284
"Scranton/Wilkes-Barre PA",OH,52
"Seattle WA",AA,1629
"Seattle WA",AS,9367
"Seattle WA",B6,399
"Seattle WA",CO,422
"Seattle WA",DH,31
"Seattle WA",DL,2144
"Seattle WA",EV,62
"Seattle WA",F9,238
"Seattle WA",HA,124
"Seattle WA",HP,310
"Seattle WA",NW,558
"Seattle WA",OO,1785
"Seattle WA",UA,2033
"Seattle WA",US,179
"Seattle WA",VX,198
"Seattle WA",WN,2583
"Shreveport LA",DL,26
"Shreveport LA",EV,721
"Shreveport LA",MQ,289
"Shreveport LA",OO,61
"Shreveport LA",XE,148
"Sioux City IA",MQ,58
"Sioux Falls SD",DL,30
"Sioux Falls SD",EV,151
"Sioux Falls SD",F9,13
"Sioux Falls SD",MQ,89
"Sioux Falls SD",NW,116
"Sioux Falls SD",OH,93
"Sioux Falls SD",OO,337
"Sitka AK",AS,310
"Sitka AK",OO,31
"South Bend IN",EV,200
"South Bend IN",OH,158
"South Bend IN",OO,351
"Spokane WA",AA,62
"Spokane WA",AS,306
"Spokane WA",DL,262
"Spokane WA",HP,61
"Spokane WA",NW,92
"Spokane WA",OO,492
"Spokane WA",UA,151
"Spokane WA",WN,711
"Springfield IL",EV,61
"Springfield IL",OO,93
"Springfield MO",DL,31
"Springfield MO",EV,131
"Springfield MO",MQ,659
"Springfield MO",NW,31
"Springfield MO",OH,93
"Springfield MO",OO,269
"St. Augustine FL",F9,13
"St. George UT",OO,384
"St. Louis MO",AA,2507
"St. Louis MO",AS,53
"St. Louis MO",DL,633
"St. Louis MO",EV,462
"St. Louis MO",F9,165
"St. Louis MO",HP,93
"St. Louis MO",MQ,240
"St. Louis MO",NW,362
"St. Louis MO",OH,298
"St. Louis MO",OO,266
"St. Louis MO",UA,147
"St. Louis MO",US,87
"St. Louis MO",WN,4574
"St. Louis MO",XE,448
"State College PA",EV,148
"State College PA",OH,93
"Sun Valley/Hailey/Ketchum ID",OO,472
"Syracuse NY",AA,58
"Syracuse NY",B6,217
"Syracuse NY",DH,155
"Syracuse NY",DL,255
"Syracuse NY",EV,85
"Syracuse NY",MQ,280
"Syracuse NY",NW,124
"Syracuse NY",OH,124
"Syracuse NY",OO,107
"Syracuse NY",US,262
"Syracuse NY",XE,196
"Tallahassee FL",DL,309
"Tallahassee FL",EV,194
"Tallahassee FL",MQ,29
"Tallahassee FL",OH,186
"Tallahassee FL",XE,61
"Tampa FL",AA,1799
"Tampa FL",AS,31
"Tampa FL",B6,761
"Tampa FL",CO,379
"Tampa FL",DH,93
"Tampa FL",DL,1897
"Tampa FL",EV,305
"Tampa FL",F9,154
"Tampa FL",FL,495
"Tampa FL",HP,93
"Tampa FL",NK,178
"Tampa FL",NW,320
"Tampa FL",OH,93
"Tampa FL",UA,886
"Tampa FL",US,629
"Tampa FL",WN,4385
"Tampa FL",XE,61
"Texarkana AR",EV,61
"Texarkana AR",MQ,124
"Toledo OH",EV,169
"Toledo OH",MQ,239
"Toledo OH",OH,197
"Traverse City MI",DL,134
"Traverse City MI",EV,82
"Traverse City MI",MQ,356
"Traverse City MI",NW,153
"Traverse City MI",OH,31
"Traverse City MI",OO,44
"Trenton NJ",F9,279
"Tucson AZ",AA,584
"Tucson AZ",AS,62
"Tucson AZ",CO,31
"Tucson AZ",DL,151
"Tucson AZ",EV,29
"Tucson AZ",NW,31
"Tucson AZ",OO,928
"Tucson AZ",UA,62
"Tucson AZ",WN,876
"Tucson AZ",XE,102
"Tulsa OK",AA,521
"Tulsa OK",CO,62
"Tulsa OK",DL,163
"Tulsa OK",EV,332
"Tulsa OK",MQ,399
"Tulsa OK",OH,93
"Tulsa OK",OO,356
"Tulsa OK",UA,67
"Tulsa OK",WN,951
"Tulsa OK",XE,212
"Tupelo MS",EV,93
"Twin Falls ID",OO,275
"Tyler TX",EV,233
"Tyler TX",MQ,241
"Valdosta GA",EV,205
"Valparaiso FL",DL,339
"Valparaiso FL",EV,533
"Valparaiso FL",MQ,119
"Valparaiso FL",NW,93
"Valparaiso FL",OO,9
"Valparaiso FL",XE,102
"Victoria TX",OO,1
"Visalia CA",OO,60
"Waco TX",EV,149
"Waco TX",MQ,210
"Washington DC",AA,4096
"Washington DC",AS,279
"Washington DC",B6,1414
"Washington DC",CO,410
"Washington DC",DH,6198
"Washington DC",DL,2461
"Washington DC",EV,534
"Washington DC",F9,397
"Washington DC",FL,304
"Washington DC",HP,213
"Washington DC",MQ,1030
"Washington DC",NW,825
"Washington DC",OH,883
"Washington DC",OO,202
"Washington DC",TZ,120
"Washington DC",UA,5018
"Washington DC",US,3581
"Washington DC",VX,263
"Washington DC",WN,1533
"Washington DC",XE,638
"Waterloo IA",MQ,58
"West Palm Beach/Palm Beach FL",AA,358
"West Palm Beach/Palm Beach FL",B6,713
"West Palm Beach/Palm Beach FL",CO,214
"West Palm Beach/Palm Beach FL",DH,62
"West Palm Beach/Palm Beach FL",DL,1163
"West Palm Beach/Palm Beach FL",EV,13
"West Palm Beach/Palm Beach FL",FL,93
"West Palm Beach/Palm Beach FL",NW,62
"West Palm Beach/Palm Beach FL",OO,13
"West Palm Beach/Palm Beach FL",UA,167
"West Palm Beach/Palm Beach FL",US,335
"West Palm Beach/Palm Beach FL",WN,507
"West Palm Beach/Palm Beach FL",XE,63
"West Yellowstone MT",OO,126
"White Plains NY",B6,341
"White Plains NY",DH,124
"White Plains NY",EV,332
"White Plains NY",MQ,255
"White Plains NY",NW,30
"White Plains NY",OH,57
"White Plains NY",XE,91
"Wichita Falls TX",MQ,356
"Wichita KS",AA,92
"Wichita KS",DL,93
"Wichita KS",EV,309
"Wichita KS",FL,93
"Wichita KS",MQ,306
"Wichita KS",OO,342
"Wichita KS",UA,117
"Wichita KS",WN,147
"Wichita KS",XE,112
"Williston ND",EV,31
"Williston ND",OO,218
"Wilmington NC",DL,31
"Wilmington NC",EV,371
"Wilmington NC",US,163
"Worcester MA",B6,62
"Wrangell AK",AS,124
"Yakutat AK",AS,124
"Yuma AZ",OO,268
